Account Number,Account Holder,Address,Phone Number,Mail ID,PAN Number,Account Type,Balance,Date of Creation,status,cibil score
6436386799,Latha,Chennai,7898065653,latha@gmail.com,890023015632,Student,5000,1716960676,active,900
2490633947,Diva,Chennai,8456036435,dv5678@gmail.com,3664656353,joint,605750,1716960977,active,900
1234567890,Madesh,Chennai,9965534135,madesh68@gmail.com,6563501356,Business,5000,1716971145,active,900
8820486756,Kajal,Kanyakumari,8803651563,Kajal2314@gmail.com,6457896563,savings,5400,1716972206,active,900
4701019661,Mani,Golkonda,565631,mani@gmail.com,5855112406,Joint,500,1716972457,active,900
3084669292,Dharaneesh,Renigunda,5855112406,dharaneesh@gmail.com,78654145316,student,72000,1716973223,active,900
6927174540,Murugan,Kundrathur,6325645610,murugan@gmail.com,2324454563,Business,6500,1716980790,active,900
1068923154,Amritha,Trichy,456879,amri@gmail.com,6564513,Business,45000,1717059549,active,900
6148955199,Harish,coimbatore,64131313,hari@gmail.com,531313213,Business,2500,1717083035,active,900
8687202386,Salini,chennai,123456789,salini123@gmail.com,1245698834,Business,7000,1717085133,active,900
