account_number,card_number,expiration_date,cvv,status,pin,issue_date,card_type,card_holder_name
3456789012,3456789012345678,2026-09-30,789,active,2222,2022-08-01,Regular Credit Card,Emily Davis
4567890123,4567890123456789,2024-03-31,012,blocked,3333,2021-02-15,Travel Credit Card,Michael Brown
5678901234,5678901234567890,2025-12-31,345,active,4444,2023-03-22,Premium Credit Card,Alice Smith
6789012345,6789012345678901,2027-06-30,678,active,5555,2021-09-10,Commercial or Business Credit Card,John Johnson
7890123456,7890123456789012,2028-11-30,901,blocked,6666,2022-12-25,CashBack Credit Card,Sarah White
8901234567,8901234567890123,2024-08-31,234,active,7777,2023-01-05,Shopping Credit Card,David Clark
9012345678,9012345678901234,2023-10-31,567,active,8888,2020-06-15,Fuel Credit Card,Jessica Adams
