loanid,accountnumber,type,loanamount,interest,term,status,startdate
2606,123456789,Car,200000,5,12,active,Wed May 29 19:14:57 2024
2795,123456789,Car,20000,5,20,active,Wed May 29 19:15:54 2024
3112,123456789,Car,200000,15,0,active,Wed May 29 19:17:29 2024
7034,123456789,Car,20000,5,12,active,Wed May 29 19:37:30 2024
8994,123456789,Car,20000,5,10,active,Wed May 29 19:47:32 2024

7306,406052365,Car,1e+006,5,6,active,Thu May 30 09:35:12 2024

2341,406052365,Car,236530,6.5,3,active,Thu May 30 11:57:02 2024

6056,1853987903,Educational,400000,5,4,active,Thu May 30 21:29:00 2024

9061,97267794,Educational,400000,5,4,active,Thu May 30 21:45:26 2024

